id,part,link_id,quality_dimension,dimension_name,text,reverse_scored,scale,relation_verb,evidence_type,domain,requires_process_ids,basis_type,basis_quotes
L01-CO,C 연결,L01,CO,정합성,"우리 조직에서는 요구사항 목록이 BIA의 우선순위·복구목표 설정에 입력될 때, 두 내용이 서로 모순 없이 일치한다.",0,likert5_na9,입력된다·활용된다,E1,① 요구·분석,B03;B04,연구자 의견(문항화: 객체쌍+관계동사+품질조건),
L01-TR,C 연결,L01,TR,추적성,우리 조직에서는 BIA의 우선순위·복구목표 설정에서 근거가 된 요구사항 목록을 거슬러 찾아 확인할 수 있다.,0,likert5_na9,입력된다·활용된다,E1,① 요구·분석,B03;B04,연구자 의견(문항화: 객체쌍+관계동사+품질조건),
L01-EV,C 연결,L01,EV,증빙성,"우리 조직에서는 요구사항 목록이 BIA의 우선순위·복구목표 설정에 입력될 때, 그 사실을 입증하는 문서·기록·승인(검토 기록, 회의록, 버전 이력 등)이 남아 있다.",0,likert5_na9,입력된다·활용된다,E1,① 요구·분석,B03;B04,연구자 의견(문항화: 객체쌍+관계동사+품질조건),
L01-AC,C 연결,L01,AC,책임성,"우리 조직에서는 요구사항 목록이 BIA의 우선순위·복구목표 설정에 입력될 때, 그 연결의 검토·승인·변경에 대한 책임자(또는 부서)가 정해져 있다.",0,likert5_na9,입력된다·활용된다,E1,① 요구·분석,B03;B04,연구자 의견(문항화: 객체쌍+관계동사+품질조건),
L01-TM,C 연결,L01,TM,최신성,"우리 조직에서는 요구사항 목록이 바뀌면, BIA의 우선순위·복구목표 설정에 정해진 기간 안에 반영된다.",0,likert5_na9,입력된다·활용된다,E1,① 요구·분석,B03;B04,연구자 의견(문항화: 객체쌍+관계동사+품질조건),
L02-CO,C 연결,L02,CO,정합성,"우리 조직에서는 요구사항 목록이 리스크평가의 범위·기준에 입력될 때, 두 내용이 서로 모순 없이 일치한다.",0,likert5_na9,입력된다·활용된다,E1,① 요구·분석,B03;B05,연구자 의견(문항화: 객체쌍+관계동사+품질조건),
L02-TR,C 연결,L02,TR,추적성,우리 조직에서는 리스크평가의 범위·기준에서 근거가 된 요구사항 목록을 거슬러 찾아 확인할 수 있다.,0,likert5_na9,입력된다·활용된다,E1,① 요구·분석,B03;B05,연구자 의견(문항화: 객체쌍+관계동사+품질조건),
L02-EV,C 연결,L02,EV,증빙성,"우리 조직에서는 요구사항 목록이 리스크평가의 범위·기준에 입력될 때, 그 사실을 입증하는 문서·기록·승인(검토 기록, 회의록, 버전 이력 등)이 남아 있다.",0,likert5_na9,입력된다·활용된다,E1,① 요구·분석,B03;B05,연구자 의견(문항화: 객체쌍+관계동사+품질조건),
L02-AC,C 연결,L02,AC,책임성,"우리 조직에서는 요구사항 목록이 리스크평가의 범위·기준에 입력될 때, 그 연결의 검토·승인·변경에 대한 책임자(또는 부서)가 정해져 있다.",0,likert5_na9,입력된다·활용된다,E1,① 요구·분석,B03;B05,연구자 의견(문항화: 객체쌍+관계동사+품질조건),
L02-TM,C 연결,L02,TM,최신성,"우리 조직에서는 요구사항 목록이 바뀌면, 리스크평가의 범위·기준에 정해진 기간 안에 반영된다.",0,likert5_na9,입력된다·활용된다,E1,① 요구·분석,B03;B05,연구자 의견(문항화: 객체쌍+관계동사+품질조건),
L03-CO,C 연결,L03,CO,정합성,"우리 조직에서는 BIA 결과가 리스크평가 대상 선정의 근거가 될 때, 두 내용이 서로 모순 없이 일치한다.",0,likert5_na9,근거가 된다,E1,① 요구·분석,B04;B05,연구자 의견(문항화: 객체쌍+관계동사+품질조건),
L03-TR,C 연결,L03,TR,추적성,우리 조직에서는 리스크평가 대상에서 근거가 된 BIA 결과를 거슬러 찾아 확인할 수 있다.,0,likert5_na9,근거가 된다,E1,① 요구·분석,B04;B05,연구자 의견(문항화: 객체쌍+관계동사+품질조건),
L03-EV,C 연결,L03,EV,증빙성,"우리 조직에서는 BIA 결과가 리스크평가 대상 선정의 근거가 될 때, 그 사실을 입증하는 문서·기록·승인(검토 기록, 회의록, 버전 이력 등)이 남아 있다.",0,likert5_na9,근거가 된다,E1,① 요구·분석,B04;B05,연구자 의견(문항화: 객체쌍+관계동사+품질조건),
L03-AC,C 연결,L03,AC,책임성,"우리 조직에서는 BIA 결과가 리스크평가 대상 선정의 근거가 될 때, 그 연결의 검토·승인·변경에 대한 책임자(또는 부서)가 정해져 있다.",0,likert5_na9,근거가 된다,E1,① 요구·분석,B04;B05,연구자 의견(문항화: 객체쌍+관계동사+품질조건),
L03-TM,C 연결,L03,TM,최신성,"우리 조직에서는 BIA 결과가 바뀌면, 리스크평가 대상에 정해진 기간 안에 반영된다.",0,likert5_na9,근거가 된다,E1,① 요구·분석,B04;B05,연구자 의견(문항화: 객체쌍+관계동사+품질조건),
L04-CO,C 연결,L04,CO,정합성,"우리 조직에서는 요구사항 목록이 내부감사 점검 기준에 입력될 때, 두 내용이 서로 모순 없이 일치한다.",0,likert5_na9,입력된다·활용된다,E1,① 요구·분석,B03;B13,연구자 의견(문항화: 객체쌍+관계동사+품질조건),
L04-TR,C 연결,L04,TR,추적성,우리 조직에서는 내부감사 점검 기준에서 근거가 된 요구사항 목록을 거슬러 찾아 확인할 수 있다.,0,likert5_na9,입력된다·활용된다,E1,① 요구·분석,B03;B13,연구자 의견(문항화: 객체쌍+관계동사+품질조건),
L04-EV,C 연결,L04,EV,증빙성,"우리 조직에서는 요구사항 목록이 내부감사 점검 기준에 입력될 때, 그 사실을 입증하는 문서·기록·승인(검토 기록, 회의록, 버전 이력 등)이 남아 있다.",0,likert5_na9,입력된다·활용된다,E1,① 요구·분석,B03;B13,연구자 의견(문항화: 객체쌍+관계동사+품질조건),
L04-AC,C 연결,L04,AC,책임성,"우리 조직에서는 요구사항 목록이 내부감사 점검 기준에 입력될 때, 그 연결의 검토·승인·변경에 대한 책임자(또는 부서)가 정해져 있다.",0,likert5_na9,입력된다·활용된다,E1,① 요구·분석,B03;B13,연구자 의견(문항화: 객체쌍+관계동사+품질조건),
L04-TM,C 연결,L04,TM,최신성,"우리 조직에서는 요구사항 목록이 바뀌면, 내부감사 점검 기준에 정해진 기간 안에 반영된다.",0,likert5_na9,입력된다·활용된다,E1,① 요구·분석,B03;B13,연구자 의견(문항화: 객체쌍+관계동사+품질조건),
L05-CO,C 연결,L05,CO,정합성,"우리 조직에서는 BC 요구사항이 공급업체 선정·계약 조건에 입력될 때, 두 내용이 서로 모순 없이 일치한다.",0,likert5_na9,입력된다·활용된다,E1,① 요구·분석,B03;B12,연구자 의견(문항화: 객체쌍+관계동사+품질조건),
L05-TR,C 연결,L05,TR,추적성,우리 조직에서는 공급업체 선정·계약 조건에서 근거가 된 BC 요구사항을 거슬러 찾아 확인할 수 있다.,0,likert5_na9,입력된다·활용된다,E1,① 요구·분석,B03;B12,연구자 의견(문항화: 객체쌍+관계동사+품질조건),
L05-EV,C 연결,L05,EV,증빙성,"우리 조직에서는 BC 요구사항이 공급업체 선정·계약 조건에 입력될 때, 그 사실을 입증하는 문서·기록·승인(검토 기록, 회의록, 버전 이력 등)이 남아 있다.",0,likert5_na9,입력된다·활용된다,E1,① 요구·분석,B03;B12,연구자 의견(문항화: 객체쌍+관계동사+품질조건),
L05-AC,C 연결,L05,AC,책임성,"우리 조직에서는 BC 요구사항이 공급업체 선정·계약 조건에 입력될 때, 그 연결의 검토·승인·변경에 대한 책임자(또는 부서)가 정해져 있다.",0,likert5_na9,입력된다·활용된다,E1,① 요구·분석,B03;B12,연구자 의견(문항화: 객체쌍+관계동사+품질조건),
L05-TM,C 연결,L05,TM,최신성,"우리 조직에서는 BC 요구사항이 바뀌면, 공급업체 선정·계약 조건에 정해진 기간 안에 반영된다.",0,likert5_na9,입력된다·활용된다,E1,① 요구·분석,B03;B12,연구자 의견(문항화: 객체쌍+관계동사+품질조건),
L06-CO,C 연결,L06,CO,정합성,"우리 조직에서는 승인된 BIA 결과가 전략·솔루션 선정의 근거가 될 때, 두 내용이 서로 모순 없이 일치한다.",0,likert5_na9,근거가 된다,E1,② 전략·계획·이행,B04;B06,연구자 의견(문항화: 객체쌍+관계동사+품질조건),
L06-TR,C 연결,L06,TR,추적성,우리 조직에서는 전략·솔루션 선정 결과에서 근거가 된 승인된 BIA 결과를 거슬러 찾아 확인할 수 있다.,0,likert5_na9,근거가 된다,E1,② 전략·계획·이행,B04;B06,연구자 의견(문항화: 객체쌍+관계동사+품질조건),
L06-EV,C 연결,L06,EV,증빙성,"우리 조직에서는 승인된 BIA 결과가 전략·솔루션 선정의 근거가 될 때, 그 사실을 입증하는 문서·기록·승인(검토 기록, 회의록, 버전 이력 등)이 남아 있다.",0,likert5_na9,근거가 된다,E1,② 전략·계획·이행,B04;B06,연구자 의견(문항화: 객체쌍+관계동사+품질조건),
L06-AC,C 연결,L06,AC,책임성,"우리 조직에서는 승인된 BIA 결과가 전략·솔루션 선정의 근거가 될 때, 그 연결의 검토·승인·변경에 대한 책임자(또는 부서)가 정해져 있다.",0,likert5_na9,근거가 된다,E1,② 전략·계획·이행,B04;B06,연구자 의견(문항화: 객체쌍+관계동사+품질조건),
L06-TM,C 연결,L06,TM,최신성,"우리 조직에서는 승인된 BIA 결과가 바뀌면, 전략·솔루션 선정 결과에 정해진 기간 안에 반영된다.",0,likert5_na9,근거가 된다,E1,② 전략·계획·이행,B04;B06,연구자 의견(문항화: 객체쌍+관계동사+품질조건),
L07-CO,C 연결,L07,CO,정합성,"우리 조직에서는 선정된 전략·솔루션이 솔루션 이행 계획으로 구체화되어 실행될 때, 두 내용이 서로 모순 없이 일치한다.",0,likert5_na9,도출·이행된다,E1,② 전략·계획·이행,B06;B08,연구자 의견(문항화: 객체쌍+관계동사+품질조건),
L07-TR,C 연결,L07,TR,추적성,우리 조직에서는 솔루션 이행 계획에서 근거가 된 선정된 전략·솔루션을 거슬러 찾아 확인할 수 있다.,0,likert5_na9,도출·이행된다,E1,② 전략·계획·이행,B06;B08,연구자 의견(문항화: 객체쌍+관계동사+품질조건),
L07-EV,C 연결,L07,EV,증빙성,"우리 조직에서는 선정된 전략·솔루션이 솔루션 이행 계획으로 구체화되어 실행될 때, 그 사실을 입증하는 문서·기록·승인(검토 기록, 회의록, 버전 이력 등)이 남아 있다.",0,likert5_na9,도출·이행된다,E1,② 전략·계획·이행,B06;B08,연구자 의견(문항화: 객체쌍+관계동사+품질조건),
L07-AC,C 연결,L07,AC,책임성,"우리 조직에서는 선정된 전략·솔루션이 솔루션 이행 계획으로 구체화되어 실행될 때, 그 연결의 검토·승인·변경에 대한 책임자(또는 부서)가 정해져 있다.",0,likert5_na9,도출·이행된다,E1,② 전략·계획·이행,B06;B08,연구자 의견(문항화: 객체쌍+관계동사+품질조건),
L07-TM,C 연결,L07,TM,최신성,"우리 조직에서는 선정된 전략·솔루션이 바뀌면, 솔루션 이행 계획에 정해진 기간 안에 반영된다.",0,likert5_na9,도출·이행된다,E1,② 전략·계획·이행,B06;B08,연구자 의견(문항화: 객체쌍+관계동사+품질조건),
L08-CO,C 연결,L08,CO,정합성,"우리 조직에서는 선정된 전략·솔루션에서 BC 계획·절차가 도출될 때, 두 내용이 서로 모순 없이 일치한다.",0,likert5_na9,도출·이행된다,E1,② 전략·계획·이행,B06;B07,연구자 의견(문항화: 객체쌍+관계동사+품질조건),
L08-TR,C 연결,L08,TR,추적성,우리 조직에서는 BC 계획·절차에서 근거가 된 선정된 전략·솔루션을 거슬러 찾아 확인할 수 있다.,0,likert5_na9,도출·이행된다,E1,② 전략·계획·이행,B06;B07,연구자 의견(문항화: 객체쌍+관계동사+품질조건),
L08-EV,C 연결,L08,EV,증빙성,"우리 조직에서는 선정된 전략·솔루션에서 BC 계획·절차가 도출될 때, 그 사실을 입증하는 문서·기록·승인(검토 기록, 회의록, 버전 이력 등)이 남아 있다.",0,likert5_na9,도출·이행된다,E1,② 전략·계획·이행,B06;B07,연구자 의견(문항화: 객체쌍+관계동사+품질조건),
L08-AC,C 연결,L08,AC,책임성,"우리 조직에서는 선정된 전략·솔루션에서 BC 계획·절차가 도출될 때, 그 연결의 검토·승인·변경에 대한 책임자(또는 부서)가 정해져 있다.",0,likert5_na9,도출·이행된다,E1,② 전략·계획·이행,B06;B07,연구자 의견(문항화: 객체쌍+관계동사+품질조건),
L08-TM,C 연결,L08,TM,최신성,"우리 조직에서는 선정된 전략·솔루션이 바뀌면, BC 계획·절차에 정해진 기간 안에 반영된다.",0,likert5_na9,도출·이행된다,E1,② 전략·계획·이행,B06;B07,연구자 의견(문항화: 객체쌍+관계동사+품질조건),
L09-CO,C 연결,L09,CO,정합성,"우리 조직에서는 리스크평가 결과(위협 시나리오)가 BC 계획·절차 개발에 입력될 때, 두 내용이 서로 모순 없이 일치한다.",0,likert5_na9,입력된다·활용된다,E1,② 전략·계획·이행,B05;B07,연구자 의견(문항화: 객체쌍+관계동사+품질조건),
L09-TR,C 연결,L09,TR,추적성,우리 조직에서는 BC 계획·절차에서 근거가 된 리스크평가 결과를 거슬러 찾아 확인할 수 있다.,0,likert5_na9,입력된다·활용된다,E1,② 전략·계획·이행,B05;B07,연구자 의견(문항화: 객체쌍+관계동사+품질조건),
L09-EV,C 연결,L09,EV,증빙성,"우리 조직에서는 리스크평가 결과(위협 시나리오)가 BC 계획·절차 개발에 입력될 때, 그 사실을 입증하는 문서·기록·승인(검토 기록, 회의록, 버전 이력 등)이 남아 있다.",0,likert5_na9,입력된다·활용된다,E1,② 전략·계획·이행,B05;B07,연구자 의견(문항화: 객체쌍+관계동사+품질조건),
L09-AC,C 연결,L09,AC,책임성,"우리 조직에서는 리스크평가 결과(위협 시나리오)가 BC 계획·절차 개발에 입력될 때, 그 연결의 검토·승인·변경에 대한 책임자(또는 부서)가 정해져 있다.",0,likert5_na9,입력된다·활용된다,E1,② 전략·계획·이행,B05;B07,연구자 의견(문항화: 객체쌍+관계동사+품질조건),
L09-TM,C 연결,L09,TM,최신성,"우리 조직에서는 리스크평가 결과가 바뀌면, BC 계획·절차에 정해진 기간 안에 반영된다.",0,likert5_na9,입력된다·활용된다,E1,② 전략·계획·이행,B05;B07,연구자 의견(문항화: 객체쌍+관계동사+품질조건),
L10-CO,C 연결,L10,CO,정합성,"우리 조직에서는 솔루션 구현·운영에 필요한 자원이 자원관리에서 제공될 때, 두 내용이 서로 모순 없이 일치한다.",0,likert5_na9,제공한다,E2,② 전략·계획·이행,B20;B08,연구자 의견(문항화: 객체쌍+관계동사+품질조건),
L10-TR,C 연결,L10,TR,추적성,우리 조직에서는 자원 배정 계획에서 근거가 된 솔루션의 필요 자원 요건을 거슬러 찾아 확인할 수 있다.,0,likert5_na9,제공한다,E2,② 전략·계획·이행,B20;B08,연구자 의견(문항화: 객체쌍+관계동사+품질조건),
L10-EV,C 연결,L10,EV,증빙성,"우리 조직에서는 솔루션 구현·운영에 필요한 자원이 자원관리에서 제공될 때, 그 사실을 입증하는 문서·기록·승인(검토 기록, 회의록, 버전 이력 등)이 남아 있다.",0,likert5_na9,제공한다,E2,② 전략·계획·이행,B20;B08,연구자 의견(문항화: 객체쌍+관계동사+품질조건),
L10-AC,C 연결,L10,AC,책임성,"우리 조직에서는 솔루션 구현·운영에 필요한 자원이 자원관리에서 제공될 때, 그 연결의 검토·승인·변경에 대한 책임자(또는 부서)가 정해져 있다.",0,likert5_na9,제공한다,E2,② 전략·계획·이행,B20;B08,연구자 의견(문항화: 객체쌍+관계동사+품질조건),
L10-TM,C 연결,L10,TM,최신성,"우리 조직에서는 솔루션의 필요 자원 요건이 바뀌면, 자원 배정 계획에 정해진 기간 안에 반영된다.",0,likert5_na9,제공한다,E2,② 전략·계획·이행,B20;B08,연구자 의견(문항화: 객체쌍+관계동사+품질조건),
L11-CO,C 연결,L11,CO,정합성,"우리 조직에서는 BIA에서 파악한 복구 필요 자원이 자원 계획에 입력될 때, 두 내용이 서로 모순 없이 일치한다.",0,likert5_na9,입력된다·활용된다,E3,② 전략·계획·이행,B04;B20,연구자 의견(문항화: 객체쌍+관계동사+품질조건),
L11-TR,C 연결,L11,TR,추적성,우리 조직에서는 자원 계획에서 근거가 된 BIA의 복구 필요 자원을 거슬러 찾아 확인할 수 있다.,0,likert5_na9,입력된다·활용된다,E3,② 전략·계획·이행,B04;B20,연구자 의견(문항화: 객체쌍+관계동사+품질조건),
L11-EV,C 연결,L11,EV,증빙성,"우리 조직에서는 BIA에서 파악한 복구 필요 자원이 자원 계획에 입력될 때, 그 사실을 입증하는 문서·기록·승인(검토 기록, 회의록, 버전 이력 등)이 남아 있다.",0,likert5_na9,입력된다·활용된다,E3,② 전략·계획·이행,B04;B20,연구자 의견(문항화: 객체쌍+관계동사+품질조건),
L11-AC,C 연결,L11,AC,책임성,"우리 조직에서는 BIA에서 파악한 복구 필요 자원이 자원 계획에 입력될 때, 그 연결의 검토·승인·변경에 대한 책임자(또는 부서)가 정해져 있다.",0,likert5_na9,입력된다·활용된다,E3,② 전략·계획·이행,B04;B20,연구자 의견(문항화: 객체쌍+관계동사+품질조건),
L11-TM,C 연결,L11,TM,최신성,"우리 조직에서는 BIA의 복구 필요 자원이 바뀌면, 자원 계획에 정해진 기간 안에 반영된다.",0,likert5_na9,입력된다·활용된다,E3,② 전략·계획·이행,B04;B20,연구자 의견(문항화: 객체쌍+관계동사+품질조건),
L12-CO,C 연결,L12,CO,정합성,"우리 조직에서는 BC 계획·절차에 따라 사고 대응 체계가 가동될 때, 두 내용이 서로 모순 없이 일치한다.",0,likert5_na9,도출·이행된다,E2,③ 대응·복구·훈련,B07;B09,연구자 의견(문항화: 객체쌍+관계동사+품질조건),
L12-TR,C 연결,L12,TR,추적성,우리 조직에서는 사고 대응 체계(역할·가동 기준)에서 근거가 된 BC 계획·절차를 거슬러 찾아 확인할 수 있다.,0,likert5_na9,도출·이행된다,E2,③ 대응·복구·훈련,B07;B09,연구자 의견(문항화: 객체쌍+관계동사+품질조건),
L12-EV,C 연결,L12,EV,증빙성,"우리 조직에서는 BC 계획·절차에 따라 사고 대응 체계가 가동될 때, 그 사실을 입증하는 문서·기록·승인(검토 기록, 회의록, 버전 이력 등)이 남아 있다.",0,likert5_na9,도출·이행된다,E2,③ 대응·복구·훈련,B07;B09,연구자 의견(문항화: 객체쌍+관계동사+품질조건),
L12-AC,C 연결,L12,AC,책임성,"우리 조직에서는 BC 계획·절차에 따라 사고 대응 체계가 가동될 때, 그 연결의 검토·승인·변경에 대한 책임자(또는 부서)가 정해져 있다.",0,likert5_na9,도출·이행된다,E2,③ 대응·복구·훈련,B07;B09,연구자 의견(문항화: 객체쌍+관계동사+품질조건),
L12-TM,C 연결,L12,TM,최신성,"우리 조직에서는 BC 계획·절차가 바뀌면, 사고 대응 체계(역할·가동 기준)에 정해진 기간 안에 반영된다.",0,likert5_na9,도출·이행된다,E2,③ 대응·복구·훈련,B07;B09,연구자 의견(문항화: 객체쌍+관계동사+품질조건),
L13-CO,C 연결,L13,CO,정합성,"우리 조직에서는 경보·상황 전파가 사고 대응 절차의 하위 절차로 수행될 때, 두 내용이 서로 모순 없이 일치한다.",0,likert5_na9,포함한다,E1,③ 대응·복구·훈련,B09;B17,연구자 의견(문항화: 객체쌍+관계동사+품질조건),
L13-TR,C 연결,L13,TR,추적성,우리 조직에서는 경보·연락 절차(연락망)에서 근거가 된 사고 대응 절차를 거슬러 찾아 확인할 수 있다.,0,likert5_na9,포함한다,E1,③ 대응·복구·훈련,B09;B17,연구자 의견(문항화: 객체쌍+관계동사+품질조건),
L13-EV,C 연결,L13,EV,증빙성,"우리 조직에서는 경보·상황 전파가 사고 대응 절차의 하위 절차로 수행될 때, 그 사실을 입증하는 문서·기록·승인(검토 기록, 회의록, 버전 이력 등)이 남아 있다.",0,likert5_na9,포함한다,E1,③ 대응·복구·훈련,B09;B17,연구자 의견(문항화: 객체쌍+관계동사+품질조건),
L13-AC,C 연결,L13,AC,책임성,"우리 조직에서는 경보·상황 전파가 사고 대응 절차의 하위 절차로 수행될 때, 그 연결의 검토·승인·변경에 대한 책임자(또는 부서)가 정해져 있다.",0,likert5_na9,포함한다,E1,③ 대응·복구·훈련,B09;B17,연구자 의견(문항화: 객체쌍+관계동사+품질조건),
L13-TM,C 연결,L13,TM,최신성,"우리 조직에서는 사고 대응 절차가 바뀌면, 경보·연락 절차(연락망)에 정해진 기간 안에 반영된다.",0,likert5_na9,포함한다,E1,③ 대응·복구·훈련,B09;B17,연구자 의견(문항화: 객체쌍+관계동사+품질조건),
L14-CO,C 연결,L14,CO,정합성,"우리 조직에서는 복구가 사고 대응의 하위 절차로 수행되어 대응 결과를 이어받을 때, 두 내용이 서로 모순 없이 일치한다.",0,likert5_na9,포함한다,E1,③ 대응·복구·훈련,B09;B18,연구자 의견(문항화: 객체쌍+관계동사+품질조건),
L14-TR,C 연결,L14,TR,추적성,우리 조직에서는 복구 절차에서 근거가 된 사고 대응 절차를 거슬러 찾아 확인할 수 있다.,0,likert5_na9,포함한다,E1,③ 대응·복구·훈련,B09;B18,연구자 의견(문항화: 객체쌍+관계동사+품질조건),
L14-EV,C 연결,L14,EV,증빙성,"우리 조직에서는 복구가 사고 대응의 하위 절차로 수행되어 대응 결과를 이어받을 때, 그 사실을 입증하는 문서·기록·승인(검토 기록, 회의록, 버전 이력 등)이 남아 있다.",0,likert5_na9,포함한다,E1,③ 대응·복구·훈련,B09;B18,연구자 의견(문항화: 객체쌍+관계동사+품질조건),
L14-AC,C 연결,L14,AC,책임성,"우리 조직에서는 복구가 사고 대응의 하위 절차로 수행되어 대응 결과를 이어받을 때, 그 연결의 검토·승인·변경에 대한 책임자(또는 부서)가 정해져 있다.",0,likert5_na9,포함한다,E1,③ 대응·복구·훈련,B09;B18,연구자 의견(문항화: 객체쌍+관계동사+품질조건),
L14-TM,C 연결,L14,TM,최신성,"우리 조직에서는 사고 대응 절차가 바뀌면, 복구 절차에 정해진 기간 안에 반영된다.",0,likert5_na9,포함한다,E1,③ 대응·복구·훈련,B09;B18,연구자 의견(문항화: 객체쌍+관계동사+품질조건),
L15-CO,C 연결,L15,CO,정합성,"우리 조직에서는 BC 계획·절차가 훈련·연습으로 시험될 때, 두 내용이 서로 모순 없이 일치한다.",0,likert5_na9,시험·검증된다,E1,③ 대응·복구·훈련,B07;B10,연구자 의견(문항화: 객체쌍+관계동사+품질조건),
L15-TR,C 연결,L15,TR,추적성,우리 조직에서는 훈련·연습 시나리오에서 근거가 된 BC 계획·절차를 거슬러 찾아 확인할 수 있다.,0,likert5_na9,시험·검증된다,E1,③ 대응·복구·훈련,B07;B10,연구자 의견(문항화: 객체쌍+관계동사+품질조건),
L15-EV,C 연결,L15,EV,증빙성,"우리 조직에서는 BC 계획·절차가 훈련·연습으로 시험될 때, 그 사실을 입증하는 문서·기록·승인(검토 기록, 회의록, 버전 이력 등)이 남아 있다.",0,likert5_na9,시험·검증된다,E1,③ 대응·복구·훈련,B07;B10,연구자 의견(문항화: 객체쌍+관계동사+품질조건),
L15-AC,C 연결,L15,AC,책임성,"우리 조직에서는 BC 계획·절차가 훈련·연습으로 시험될 때, 그 연결의 검토·승인·변경에 대한 책임자(또는 부서)가 정해져 있다.",0,likert5_na9,시험·검증된다,E1,③ 대응·복구·훈련,B07;B10,연구자 의견(문항화: 객체쌍+관계동사+품질조건),
L15-TM,C 연결,L15,TM,최신성,"우리 조직에서는 BC 계획·절차가 바뀌면, 훈련·연습 시나리오에 정해진 기간 안에 반영된다.",0,likert5_na9,시험·검증된다,E1,③ 대응·복구·훈련,B07;B10,연구자 의견(문항화: 객체쌍+관계동사+품질조건),
L16-CO,C 연결,L16,CO,정합성,"우리 조직에서는 연습 결과(문제점·개선 사항)가 BC 계획·절차의 개정으로 이어질 때, 두 내용이 서로 모순 없이 일치한다.",0,likert5_na9,개정·갱신한다,E1,③ 대응·복구·훈련,B10;B07,연구자 의견(문항화: 객체쌍+관계동사+품질조건),
L16-TR,C 연결,L16,TR,추적성,우리 조직에서는 BC 계획·절차에서 근거가 된 연습 결과를 거슬러 찾아 확인할 수 있다.,0,likert5_na9,개정·갱신한다,E1,③ 대응·복구·훈련,B10;B07,연구자 의견(문항화: 객체쌍+관계동사+품질조건),
L16-EV,C 연결,L16,EV,증빙성,"우리 조직에서는 연습 결과(문제점·개선 사항)가 BC 계획·절차의 개정으로 이어질 때, 그 사실을 입증하는 문서·기록·승인(검토 기록, 회의록, 버전 이력 등)이 남아 있다.",0,likert5_na9,개정·갱신한다,E1,③ 대응·복구·훈련,B10;B07,연구자 의견(문항화: 객체쌍+관계동사+품질조건),
L16-AC,C 연결,L16,AC,책임성,"우리 조직에서는 연습 결과(문제점·개선 사항)가 BC 계획·절차의 개정으로 이어질 때, 그 연결의 검토·승인·변경에 대한 책임자(또는 부서)가 정해져 있다.",0,likert5_na9,개정·갱신한다,E1,③ 대응·복구·훈련,B10;B07,연구자 의견(문항화: 객체쌍+관계동사+품질조건),
L16-TM,C 연결,L16,TM,최신성,"우리 조직에서는 새 연습 결과가 나오면, BC 계획·절차에 정해진 기간 안에 반영된다.",0,likert5_na9,개정·갱신한다,E1,③ 대응·복구·훈련,B10;B07,연구자 의견(문항화: 객체쌍+관계동사+품질조건),
L16-FC,C 연결,L16,FC,환류폐쇄성,"우리 조직에서는 연습에서 문제점·개선 사항이 나오면, BC 계획·절차의 재수정까지 조치가 이어져 완료가 확인된다.",0,likert5_na9,개정·갱신한다,E1,③ 대응·복구·훈련,B10;B07,연구자 의견(문항화: 객체쌍+관계동사+품질조건),
L17-CO,C 연결,L17,CO,정합성,"우리 조직에서는 BC 계획·절차와 역할이 인식·교육 프로그램의 내용으로 입력될 때, 두 내용이 서로 모순 없이 일치한다.",0,likert5_na9,입력된다·활용된다,E3,③ 대응·복구·훈련,B07;B11,연구자 의견(문항화: 객체쌍+관계동사+품질조건),
L17-TR,C 연결,L17,TR,추적성,우리 조직에서는 교육 프로그램 내용에서 근거가 된 BC 계획·절차를 거슬러 찾아 확인할 수 있다.,0,likert5_na9,입력된다·활용된다,E3,③ 대응·복구·훈련,B07;B11,연구자 의견(문항화: 객체쌍+관계동사+품질조건),
L17-EV,C 연결,L17,EV,증빙성,"우리 조직에서는 BC 계획·절차와 역할이 인식·교육 프로그램의 내용으로 입력될 때, 그 사실을 입증하는 문서·기록·승인(검토 기록, 회의록, 버전 이력 등)이 남아 있다.",0,likert5_na9,입력된다·활용된다,E3,③ 대응·복구·훈련,B07;B11,연구자 의견(문항화: 객체쌍+관계동사+품질조건),
L17-AC,C 연결,L17,AC,책임성,"우리 조직에서는 BC 계획·절차와 역할이 인식·교육 프로그램의 내용으로 입력될 때, 그 연결의 검토·승인·변경에 대한 책임자(또는 부서)가 정해져 있다.",0,likert5_na9,입력된다·활용된다,E3,③ 대응·복구·훈련,B07;B11,연구자 의견(문항화: 객체쌍+관계동사+품질조건),
L17-TM,C 연결,L17,TM,최신성,"우리 조직에서는 BC 계획·절차가 바뀌면, 교육 프로그램 내용에 정해진 기간 안에 반영된다.",0,likert5_na9,입력된다·활용된다,E3,③ 대응·복구·훈련,B07;B11,연구자 의견(문항화: 객체쌍+관계동사+품질조건),
L18-CO,C 연결,L18,CO,정합성,"우리 조직에서는 성과평가 결과가 개선 과제로 환류될 때, 두 내용이 서로 모순 없이 일치한다.",0,likert5_na9,환류된다,E1,④ 평가·개선·변경,B14;B15,연구자 의견(문항화: 객체쌍+관계동사+품질조건),
L18-TR,C 연결,L18,TR,추적성,우리 조직에서는 개선 과제 목록에서 근거가 된 성과평가 결과를 거슬러 찾아 확인할 수 있다.,0,likert5_na9,환류된다,E1,④ 평가·개선·변경,B14;B15,연구자 의견(문항화: 객체쌍+관계동사+품질조건),
L18-EV,C 연결,L18,EV,증빙성,"우리 조직에서는 성과평가 결과가 개선 과제로 환류될 때, 그 사실을 입증하는 문서·기록·승인(검토 기록, 회의록, 버전 이력 등)이 남아 있다.",0,likert5_na9,환류된다,E1,④ 평가·개선·변경,B14;B15,연구자 의견(문항화: 객체쌍+관계동사+품질조건),
L18-AC,C 연결,L18,AC,책임성,"우리 조직에서는 성과평가 결과가 개선 과제로 환류될 때, 그 연결의 검토·승인·변경에 대한 책임자(또는 부서)가 정해져 있다.",0,likert5_na9,환류된다,E1,④ 평가·개선·변경,B14;B15,연구자 의견(문항화: 객체쌍+관계동사+품질조건),
L18-TM,C 연결,L18,TM,최신성,"우리 조직에서는 새 성과평가 결과가 나오면, 개선 과제 목록에 정해진 기간 안에 반영된다.",0,likert5_na9,환류된다,E1,④ 평가·개선·변경,B14;B15,연구자 의견(문항화: 객체쌍+관계동사+품질조건),
L18-FC,C 연결,L18,FC,환류폐쇄성,"우리 조직에서는 성과평가에서 개선이 필요한 결과가 나오면, 개선 과제의 수립·이행과 효과 확인까지 조치가 이어져 완료가 확인된다.",0,likert5_na9,환류된다,E1,④ 평가·개선·변경,B14;B15,연구자 의견(문항화: 객체쌍+관계동사+품질조건),
L19-CO,C 연결,L19,CO,정합성,"우리 조직에서는 내부감사 지적사항이 개선 과제로 환류될 때, 두 내용이 서로 모순 없이 일치한다.",0,likert5_na9,환류된다,E1,④ 평가·개선·변경,B13;B15,연구자 의견(문항화: 객체쌍+관계동사+품질조건),
L19-TR,C 연결,L19,TR,추적성,우리 조직에서는 개선 과제 목록에서 근거가 된 내부감사 결과를 거슬러 찾아 확인할 수 있다.,0,likert5_na9,환류된다,E1,④ 평가·개선·변경,B13;B15,연구자 의견(문항화: 객체쌍+관계동사+품질조건),
L19-EV,C 연결,L19,EV,증빙성,"우리 조직에서는 내부감사 지적사항이 개선 과제로 환류될 때, 그 사실을 입증하는 문서·기록·승인(검토 기록, 회의록, 버전 이력 등)이 남아 있다.",0,likert5_na9,환류된다,E1,④ 평가·개선·변경,B13;B15,연구자 의견(문항화: 객체쌍+관계동사+품질조건),
L19-AC,C 연결,L19,AC,책임성,"우리 조직에서는 내부감사 지적사항이 개선 과제로 환류될 때, 그 연결의 검토·승인·변경에 대한 책임자(또는 부서)가 정해져 있다.",0,likert5_na9,환류된다,E1,④ 평가·개선·변경,B13;B15,연구자 의견(문항화: 객체쌍+관계동사+품질조건),
L19-TM,C 연결,L19,TM,최신성,"우리 조직에서는 새 내부감사 결과가 나오면, 개선 과제 목록에 정해진 기간 안에 반영된다.",0,likert5_na9,환류된다,E1,④ 평가·개선·변경,B13;B15,연구자 의견(문항화: 객체쌍+관계동사+품질조건),
L19-FC,C 연결,L19,FC,환류폐쇄성,"우리 조직에서는 내부감사에서 지적사항이 나오면, 시정조치의 이행과 후속 확인까지 조치가 이어져 완료가 확인된다.",0,likert5_na9,환류된다,E1,④ 평가·개선·변경,B13;B15,연구자 의견(문항화: 객체쌍+관계동사+품질조건),
L20-CO,C 연결,L20,CO,정합성,"우리 조직에서는 공급업체 평가 결과가 개선 과제로 환류될 때, 두 내용이 서로 모순 없이 일치한다.",0,likert5_na9,환류된다,E1,④ 평가·개선·변경,B12;B15,연구자 의견(문항화: 객체쌍+관계동사+품질조건),
L20-TR,C 연결,L20,TR,추적성,우리 조직에서는 개선 과제 목록에서 근거가 된 공급업체 평가 결과를 거슬러 찾아 확인할 수 있다.,0,likert5_na9,환류된다,E1,④ 평가·개선·변경,B12;B15,연구자 의견(문항화: 객체쌍+관계동사+품질조건),
L20-EV,C 연결,L20,EV,증빙성,"우리 조직에서는 공급업체 평가 결과가 개선 과제로 환류될 때, 그 사실을 입증하는 문서·기록·승인(검토 기록, 회의록, 버전 이력 등)이 남아 있다.",0,likert5_na9,환류된다,E1,④ 평가·개선·변경,B12;B15,연구자 의견(문항화: 객체쌍+관계동사+품질조건),
L20-AC,C 연결,L20,AC,책임성,"우리 조직에서는 공급업체 평가 결과가 개선 과제로 환류될 때, 그 연결의 검토·승인·변경에 대한 책임자(또는 부서)가 정해져 있다.",0,likert5_na9,환류된다,E1,④ 평가·개선·변경,B12;B15,연구자 의견(문항화: 객체쌍+관계동사+품질조건),
L20-TM,C 연결,L20,TM,최신성,"우리 조직에서는 새 공급업체 평가 결과가 나오면, 개선 과제 목록에 정해진 기간 안에 반영된다.",0,likert5_na9,환류된다,E1,④ 평가·개선·변경,B12;B15,연구자 의견(문항화: 객체쌍+관계동사+품질조건),
L20-FC,C 연결,L20,FC,환류폐쇄성,"우리 조직에서는 공급업체 평가에서 개선이 필요한 결과가 나오면, 개선 과제의 수립·이행과 효과 확인까지 조치가 이어져 완료가 확인된다.",0,likert5_na9,환류된다,E1,④ 평가·개선·변경,B12;B15,연구자 의견(문항화: 객체쌍+관계동사+품질조건),
L21-CO,C 연결,L21,CO,정합성,"우리 조직에서는 중대한 변경이 발생해 리스크평가가 촉발될 때, 두 내용이 서로 모순 없이 일치한다.",0,likert5_na9,수행을 촉발한다,E1,④ 평가·개선·변경,B16;B05,연구자 의견(문항화: 객체쌍+관계동사+품질조건),
L21-TR,C 연결,L21,TR,추적성,우리 조직에서는 리스크평가 대상과 결과에서 근거가 된 BCMS 변경 사항을 거슬러 찾아 확인할 수 있다.,0,likert5_na9,수행을 촉발한다,E1,④ 평가·개선·변경,B16;B05,연구자 의견(문항화: 객체쌍+관계동사+품질조건),
L21-EV,C 연결,L21,EV,증빙성,"우리 조직에서는 중대한 변경이 발생해 리스크평가가 촉발될 때, 그 사실을 입증하는 문서·기록·승인(검토 기록, 회의록, 버전 이력 등)이 남아 있다.",0,likert5_na9,수행을 촉발한다,E1,④ 평가·개선·변경,B16;B05,연구자 의견(문항화: 객체쌍+관계동사+품질조건),
L21-AC,C 연결,L21,AC,책임성,"우리 조직에서는 중대한 변경이 발생해 리스크평가가 촉발될 때, 그 연결의 검토·승인·변경에 대한 책임자(또는 부서)가 정해져 있다.",0,likert5_na9,수행을 촉발한다,E1,④ 평가·개선·변경,B16;B05,연구자 의견(문항화: 객체쌍+관계동사+품질조건),
L21-TM,C 연결,L21,TM,최신성,"우리 조직에서는 BCMS에 중대한 변경이 생기면, 리스크평가 대상과 결과에 정해진 기간 안에 반영된다.",0,likert5_na9,수행을 촉발한다,E1,④ 평가·개선·변경,B16;B05,연구자 의견(문항화: 객체쌍+관계동사+품질조건),
L22-CO,C 연결,L22,CO,정합성,"우리 조직에서는 승인된 변경이 관련 문서의 개정으로 이어질 때, 두 내용이 서로 모순 없이 일치한다.",0,likert5_na9,개정·갱신한다,E1,④ 평가·개선·변경,B16;B19,연구자 의견(문항화: 객체쌍+관계동사+품질조건),
L22-TR,C 연결,L22,TR,추적성,우리 조직에서는 관련 문서(계획·절차·연락망 등)에서 근거가 된 승인된 변경을 거슬러 찾아 확인할 수 있다.,0,likert5_na9,개정·갱신한다,E1,④ 평가·개선·변경,B16;B19,연구자 의견(문항화: 객체쌍+관계동사+품질조건),
L22-EV,C 연결,L22,EV,증빙성,"우리 조직에서는 승인된 변경이 관련 문서의 개정으로 이어질 때, 그 사실을 입증하는 문서·기록·승인(검토 기록, 회의록, 버전 이력 등)이 남아 있다.",0,likert5_na9,개정·갱신한다,E1,④ 평가·개선·변경,B16;B19,연구자 의견(문항화: 객체쌍+관계동사+품질조건),
L22-AC,C 연결,L22,AC,책임성,"우리 조직에서는 승인된 변경이 관련 문서의 개정으로 이어질 때, 그 연결의 검토·승인·변경에 대한 책임자(또는 부서)가 정해져 있다.",0,likert5_na9,개정·갱신한다,E1,④ 평가·개선·변경,B16;B19,연구자 의견(문항화: 객체쌍+관계동사+품질조건),
L22-TM,C 연결,L22,TM,최신성,"우리 조직에서는 변경이 승인되면, 관련 문서(계획·절차·연락망 등)에 정해진 기간 안에 반영된다.",0,likert5_na9,개정·갱신한다,E1,④ 평가·개선·변경,B16;B19,연구자 의견(문항화: 객체쌍+관계동사+품질조건),
L23-CO,C 연결,L23,CO,정합성,"우리 조직에서는 사고 대응에서 나온 변경 필요사항이 변경관리를 촉발할 때, 두 내용이 서로 모순 없이 일치한다.",0,likert5_na9,수행을 촉발한다,E1,④ 평가·개선·변경,B09;B16,연구자 의견(문항화: 객체쌍+관계동사+품질조건),
L23-TR,C 연결,L23,TR,추적성,우리 조직에서는 변경관리 요청 목록에서 근거가 된 사고 대응 결과를 거슬러 찾아 확인할 수 있다.,0,likert5_na9,수행을 촉발한다,E1,④ 평가·개선·변경,B09;B16,연구자 의견(문항화: 객체쌍+관계동사+품질조건),
L23-EV,C 연결,L23,EV,증빙성,"우리 조직에서는 사고 대응에서 나온 변경 필요사항이 변경관리를 촉발할 때, 그 사실을 입증하는 문서·기록·승인(검토 기록, 회의록, 버전 이력 등)이 남아 있다.",0,likert5_na9,수행을 촉발한다,E1,④ 평가·개선·변경,B09;B16,연구자 의견(문항화: 객체쌍+관계동사+품질조건),
L23-AC,C 연결,L23,AC,책임성,"우리 조직에서는 사고 대응에서 나온 변경 필요사항이 변경관리를 촉발할 때, 그 연결의 검토·승인·변경에 대한 책임자(또는 부서)가 정해져 있다.",0,likert5_na9,수행을 촉발한다,E1,④ 평가·개선·변경,B09;B16,연구자 의견(문항화: 객체쌍+관계동사+품질조건),
L23-TM,C 연결,L23,TM,최신성,"우리 조직에서는 새 사고 대응 결과가 나오면, 변경관리 요청 목록에 정해진 기간 안에 반영된다.",0,likert5_na9,수행을 촉발한다,E1,④ 평가·개선·변경,B09;B16,연구자 의견(문항화: 객체쌍+관계동사+품질조건),
L23-FC,C 연결,L23,FC,환류폐쇄성,"우리 조직에서는 사고 대응에서 변경 필요사항이 나오면, 변경 요청의 처리와 관련 문서의 재수정까지 조치가 이어져 완료가 확인된다.",0,likert5_na9,수행을 촉발한다,E1,④ 평가·개선·변경,B09;B16,연구자 의견(문항화: 객체쌍+관계동사+품질조건),
L24-CO,C 연결,L24,CO,정합성,"우리 조직에서는 연습에서 나온 변경 필요사항이 변경관리를 촉발할 때, 두 내용이 서로 모순 없이 일치한다.",0,likert5_na9,수행을 촉발한다,E1,④ 평가·개선·변경,B10;B16,연구자 의견(문항화: 객체쌍+관계동사+품질조건),
L24-TR,C 연결,L24,TR,추적성,우리 조직에서는 변경관리 요청 목록에서 근거가 된 연습 결과를 거슬러 찾아 확인할 수 있다.,0,likert5_na9,수행을 촉발한다,E1,④ 평가·개선·변경,B10;B16,연구자 의견(문항화: 객체쌍+관계동사+품질조건),
L24-EV,C 연결,L24,EV,증빙성,"우리 조직에서는 연습에서 나온 변경 필요사항이 변경관리를 촉발할 때, 그 사실을 입증하는 문서·기록·승인(검토 기록, 회의록, 버전 이력 등)이 남아 있다.",0,likert5_na9,수행을 촉발한다,E1,④ 평가·개선·변경,B10;B16,연구자 의견(문항화: 객체쌍+관계동사+품질조건),
L24-AC,C 연결,L24,AC,책임성,"우리 조직에서는 연습에서 나온 변경 필요사항이 변경관리를 촉발할 때, 그 연결의 검토·승인·변경에 대한 책임자(또는 부서)가 정해져 있다.",0,likert5_na9,수행을 촉발한다,E1,④ 평가·개선·변경,B10;B16,연구자 의견(문항화: 객체쌍+관계동사+품질조건),
L24-TM,C 연결,L24,TM,최신성,"우리 조직에서는 새 연습 결과가 나오면, 변경관리 요청 목록에 정해진 기간 안에 반영된다.",0,likert5_na9,수행을 촉발한다,E1,④ 평가·개선·변경,B10;B16,연구자 의견(문항화: 객체쌍+관계동사+품질조건),
L24-FC,C 연결,L24,FC,환류폐쇄성,"우리 조직에서는 연습에서 변경 필요사항이 나오면, 변경 요청의 처리와 관련 문서의 재수정까지 조치가 이어져 완료가 확인된다.",0,likert5_na9,수행을 촉발한다,E1,④ 평가·개선·변경,B10;B16,연구자 의견(문항화: 객체쌍+관계동사+품질조건),
L25-CO,C 연결,L25,CO,정합성,"우리 조직에서는 승인된 변경의 결과가 사고 대응 절차로 환류될 때, 두 내용이 서로 모순 없이 일치한다.",0,likert5_na9,환류된다,E1,④ 평가·개선·변경,B16;B09,연구자 의견(문항화: 객체쌍+관계동사+품질조건),
L25-TR,C 연결,L25,TR,추적성,우리 조직에서는 사고 대응 절차에서 근거가 된 승인된 변경을 거슬러 찾아 확인할 수 있다.,0,likert5_na9,환류된다,E1,④ 평가·개선·변경,B16;B09,연구자 의견(문항화: 객체쌍+관계동사+품질조건),
L25-EV,C 연결,L25,EV,증빙성,"우리 조직에서는 승인된 변경의 결과가 사고 대응 절차로 환류될 때, 그 사실을 입증하는 문서·기록·승인(검토 기록, 회의록, 버전 이력 등)이 남아 있다.",0,likert5_na9,환류된다,E1,④ 평가·개선·변경,B16;B09,연구자 의견(문항화: 객체쌍+관계동사+품질조건),
L25-AC,C 연결,L25,AC,책임성,"우리 조직에서는 승인된 변경의 결과가 사고 대응 절차로 환류될 때, 그 연결의 검토·승인·변경에 대한 책임자(또는 부서)가 정해져 있다.",0,likert5_na9,환류된다,E1,④ 평가·개선·변경,B16;B09,연구자 의견(문항화: 객체쌍+관계동사+품질조건),
L25-TM,C 연결,L25,TM,최신성,"우리 조직에서는 승인된 변경이 새로 나오면, 사고 대응 절차에 정해진 기간 안에 반영된다.",0,likert5_na9,환류된다,E1,④ 평가·개선·변경,B16;B09,연구자 의견(문항화: 객체쌍+관계동사+품질조건),
L25-FC,C 연결,L25,FC,환류폐쇄성,"우리 조직에서는 변경이 승인되면, 사고 대응 절차의 재수정까지 조치가 이어져 완료가 확인된다.",0,likert5_na9,환류된다,E1,④ 평가·개선·변경,B16;B09,연구자 의견(문항화: 객체쌍+관계동사+품질조건),
L26-CO,C 연결,L26,CO,정합성,"우리 조직에서는 승인된 변경의 결과가 훈련·연습 절차로 환류될 때, 두 내용이 서로 모순 없이 일치한다.",0,likert5_na9,환류된다,E1,④ 평가·개선·변경,B16;B10,연구자 의견(문항화: 객체쌍+관계동사+품질조건),
L26-TR,C 연결,L26,TR,추적성,우리 조직에서는 훈련·연습 절차와 시나리오에서 근거가 된 승인된 변경을 거슬러 찾아 확인할 수 있다.,0,likert5_na9,환류된다,E1,④ 평가·개선·변경,B16;B10,연구자 의견(문항화: 객체쌍+관계동사+품질조건),
L26-EV,C 연결,L26,EV,증빙성,"우리 조직에서는 승인된 변경의 결과가 훈련·연습 절차로 환류될 때, 그 사실을 입증하는 문서·기록·승인(검토 기록, 회의록, 버전 이력 등)이 남아 있다.",0,likert5_na9,환류된다,E1,④ 평가·개선·변경,B16;B10,연구자 의견(문항화: 객체쌍+관계동사+품질조건),
L26-AC,C 연결,L26,AC,책임성,"우리 조직에서는 승인된 변경의 결과가 훈련·연습 절차로 환류될 때, 그 연결의 검토·승인·변경에 대한 책임자(또는 부서)가 정해져 있다.",0,likert5_na9,환류된다,E1,④ 평가·개선·변경,B16;B10,연구자 의견(문항화: 객체쌍+관계동사+품질조건),
L26-TM,C 연결,L26,TM,최신성,"우리 조직에서는 승인된 변경이 새로 나오면, 훈련·연습 절차와 시나리오에 정해진 기간 안에 반영된다.",0,likert5_na9,환류된다,E1,④ 평가·개선·변경,B16;B10,연구자 의견(문항화: 객체쌍+관계동사+품질조건),
L26-FC,C 연결,L26,FC,환류폐쇄성,"우리 조직에서는 변경이 승인되면, 훈련·연습 절차의 재수정까지 조치가 이어져 완료가 확인된다.",0,likert5_na9,환류된다,E1,④ 평가·개선·변경,B16;B10,연구자 의견(문항화: 객체쌍+관계동사+품질조건),
L27-CO,C 연결,L27,CO,정합성,"우리 조직에서는 BCMS 프로세스의 주요 결과가 이해관계자에게 전달될 때, 두 내용이 서로 모순 없이 일치한다.",0,likert5_na9,전달된다,E1,⑤ 거버넌스·이해관계자,B21,연구자 의견(문항화: 객체쌍+관계동사+품질조건),
L27-TR,C 연결,L27,TR,추적성,우리 조직에서는 이해관계자 보고 내용에서 근거가 된 BCMS 프로세스의 주요 결과를 거슬러 찾아 확인할 수 있다.,0,likert5_na9,전달된다,E1,⑤ 거버넌스·이해관계자,B21,연구자 의견(문항화: 객체쌍+관계동사+품질조건),
L27-EV,C 연결,L27,EV,증빙성,"우리 조직에서는 BCMS 프로세스의 주요 결과가 이해관계자에게 전달될 때, 그 사실을 입증하는 문서·기록·승인(검토 기록, 회의록, 버전 이력 등)이 남아 있다.",0,likert5_na9,전달된다,E1,⑤ 거버넌스·이해관계자,B21,연구자 의견(문항화: 객체쌍+관계동사+품질조건),
L27-AC,C 연결,L27,AC,책임성,"우리 조직에서는 BCMS 프로세스의 주요 결과가 이해관계자에게 전달될 때, 그 연결의 검토·승인·변경에 대한 책임자(또는 부서)가 정해져 있다.",0,likert5_na9,전달된다,E1,⑤ 거버넌스·이해관계자,B21,연구자 의견(문항화: 객체쌍+관계동사+품질조건),
L27-TM,C 연결,L27,TM,최신성,"우리 조직에서는 BCMS 프로세스의 주요 결과가 크게 바뀌면, 이해관계자 보고 내용에 정해진 기간 안에 반영된다.",0,likert5_na9,전달된다,E1,⑤ 거버넌스·이해관계자,B21,연구자 의견(문항화: 객체쌍+관계동사+품질조건),
L28-CO,C 연결,L28,CO,정합성,"우리 조직에서는 커뮤니케이션 보고와 요구사항이 경영진 검토의 입력이 될 때, 두 내용이 서로 모순 없이 일치한다.",0,likert5_na9,입력된다·활용된다,E1,⑤ 거버넌스·이해관계자,B21;B01,연구자 의견(문항화: 객체쌍+관계동사+품질조건),
L28-TR,C 연결,L28,TR,추적성,우리 조직에서는 경영진 검토 안건에서 근거가 된 이해관계자 보고와 요구사항을 거슬러 찾아 확인할 수 있다.,0,likert5_na9,입력된다·활용된다,E1,⑤ 거버넌스·이해관계자,B21;B01,연구자 의견(문항화: 객체쌍+관계동사+품질조건),
L28-EV,C 연결,L28,EV,증빙성,"우리 조직에서는 커뮤니케이션 보고와 요구사항이 경영진 검토의 입력이 될 때, 그 사실을 입증하는 문서·기록·승인(검토 기록, 회의록, 버전 이력 등)이 남아 있다.",0,likert5_na9,입력된다·활용된다,E1,⑤ 거버넌스·이해관계자,B21;B01,연구자 의견(문항화: 객체쌍+관계동사+품질조건),
L28-AC,C 연결,L28,AC,책임성,"우리 조직에서는 커뮤니케이션 보고와 요구사항이 경영진 검토의 입력이 될 때, 그 연결의 검토·승인·변경에 대한 책임자(또는 부서)가 정해져 있다.",0,likert5_na9,입력된다·활용된다,E1,⑤ 거버넌스·이해관계자,B21;B01,연구자 의견(문항화: 객체쌍+관계동사+품질조건),
L28-TM,C 연결,L28,TM,최신성,"우리 조직에서는 새 보고나 요구사항이 접수되면, 경영진 검토 안건에 정해진 기간 안에 반영된다.",0,likert5_na9,입력된다·활용된다,E1,⑤ 거버넌스·이해관계자,B21;B01,연구자 의견(문항화: 객체쌍+관계동사+품질조건),
L29-CO,C 연결,L29,CO,정합성,"우리 조직에서는 경영진이 정한 BC 목표·방향에서 BC 정책이 도출될 때, 두 내용이 서로 모순 없이 일치한다.",0,likert5_na9,도출·이행된다,E3,⑤ 거버넌스·이해관계자,B01;B02,연구자 의견(문항화: 객체쌍+관계동사+품질조건),
L29-TR,C 연결,L29,TR,추적성,우리 조직에서는 BC 정책에서 근거가 된 경영진의 BC 목표·방향을 거슬러 찾아 확인할 수 있다.,0,likert5_na9,도출·이행된다,E3,⑤ 거버넌스·이해관계자,B01;B02,연구자 의견(문항화: 객체쌍+관계동사+품질조건),
L29-EV,C 연결,L29,EV,증빙성,"우리 조직에서는 경영진이 정한 BC 목표·방향에서 BC 정책이 도출될 때, 그 사실을 입증하는 문서·기록·승인(검토 기록, 회의록, 버전 이력 등)이 남아 있다.",0,likert5_na9,도출·이행된다,E3,⑤ 거버넌스·이해관계자,B01;B02,연구자 의견(문항화: 객체쌍+관계동사+품질조건),
L29-AC,C 연결,L29,AC,책임성,"우리 조직에서는 경영진이 정한 BC 목표·방향에서 BC 정책이 도출될 때, 그 연결의 검토·승인·변경에 대한 책임자(또는 부서)가 정해져 있다.",0,likert5_na9,도출·이행된다,E3,⑤ 거버넌스·이해관계자,B01;B02,연구자 의견(문항화: 객체쌍+관계동사+품질조건),
L29-TM,C 연결,L29,TM,최신성,"우리 조직에서는 경영진의 BC 목표·방향이 바뀌면, BC 정책에 정해진 기간 안에 반영된다.",0,likert5_na9,도출·이행된다,E3,⑤ 거버넌스·이해관계자,B01;B02,연구자 의견(문항화: 객체쌍+관계동사+품질조건),
L30-CO,C 연결,L30,CO,정합성,"우리 조직에서는 자원관리가 핵심 프로세스에 자원과 사용 현황 보고를 제공할 때, 두 내용이 서로 모순 없이 일치한다.",0,likert5_na9,제공한다,E1,⑤ 거버넌스·이해관계자,B20,연구자 의견(문항화: 객체쌍+관계동사+품질조건),
L30-TR,C 연결,L30,TR,추적성,우리 조직에서는 핵심 프로세스의 자원 배분에서 근거가 된 자원 사용 현황을 거슬러 찾아 확인할 수 있다.,0,likert5_na9,제공한다,E1,⑤ 거버넌스·이해관계자,B20,연구자 의견(문항화: 객체쌍+관계동사+품질조건),
L30-EV,C 연결,L30,EV,증빙성,"우리 조직에서는 자원관리가 핵심 프로세스에 자원과 사용 현황 보고를 제공할 때, 그 사실을 입증하는 문서·기록·승인(검토 기록, 회의록, 버전 이력 등)이 남아 있다.",0,likert5_na9,제공한다,E1,⑤ 거버넌스·이해관계자,B20,연구자 의견(문항화: 객체쌍+관계동사+품질조건),
L30-AC,C 연결,L30,AC,책임성,"우리 조직에서는 자원관리가 핵심 프로세스에 자원과 사용 현황 보고를 제공할 때, 그 연결의 검토·승인·변경에 대한 책임자(또는 부서)가 정해져 있다.",0,likert5_na9,제공한다,E1,⑤ 거버넌스·이해관계자,B20,연구자 의견(문항화: 객체쌍+관계동사+품질조건),
L30-TM,C 연결,L30,TM,최신성,"우리 조직에서는 자원 사용 현황이 바뀌면, 핵심 프로세스의 자원 배분에 정해진 기간 안에 반영된다.",0,likert5_na9,제공한다,E1,⑤ 거버넌스·이해관계자,B20,연구자 의견(문항화: 객체쌍+관계동사+품질조건),
L31-CO,C 연결,L31,CO,정합성,"우리 조직에서는 자원 사용 현황 보고가 고객관계관리에 제공될 때, 두 내용이 서로 모순 없이 일치한다.",0,likert5_na9,제공한다,E1,⑤ 거버넌스·이해관계자,B20;B22,연구자 의견(문항화: 객체쌍+관계동사+품질조건),
L31-TR,C 연결,L31,TR,추적성,우리 조직에서는 고객관계관리 보고에서 근거가 된 자원 사용 현황을 거슬러 찾아 확인할 수 있다.,0,likert5_na9,제공한다,E1,⑤ 거버넌스·이해관계자,B20;B22,연구자 의견(문항화: 객체쌍+관계동사+품질조건),
L31-EV,C 연결,L31,EV,증빙성,"우리 조직에서는 자원 사용 현황 보고가 고객관계관리에 제공될 때, 그 사실을 입증하는 문서·기록·승인(검토 기록, 회의록, 버전 이력 등)이 남아 있다.",0,likert5_na9,제공한다,E1,⑤ 거버넌스·이해관계자,B20;B22,연구자 의견(문항화: 객체쌍+관계동사+품질조건),
L31-AC,C 연결,L31,AC,책임성,"우리 조직에서는 자원 사용 현황 보고가 고객관계관리에 제공될 때, 그 연결의 검토·승인·변경에 대한 책임자(또는 부서)가 정해져 있다.",0,likert5_na9,제공한다,E1,⑤ 거버넌스·이해관계자,B20;B22,연구자 의견(문항화: 객체쌍+관계동사+품질조건),
L31-TM,C 연결,L31,TM,최신성,"우리 조직에서는 자원 사용 현황이 바뀌면, 고객관계관리 보고에 정해진 기간 안에 반영된다.",0,likert5_na9,제공한다,E1,⑤ 거버넌스·이해관계자,B20;B22,연구자 의견(문항화: 객체쌍+관계동사+품질조건),
DQ01,D 종합,,CO,정합성(종합),우리 조직의 BC 프로세스 간 연결에서 선행 산출물과 후행 의사결정은 모순 없이 일치한다.,0,likert5_na9,,,,,첨부 문서의 차원 정의 + 연구자 문항화,A33;A14;A16
DQ02,D 종합,,TR,추적성(종합),우리 조직에서는 BC 프로세스의 후행 결과에서 근거가 된 선행 산출물을 거슬러 찾아 확인할 수 있다.,0,likert5_na9,,,,,첨부 문서의 차원 정의 + 연구자 문항화,
DQ03,D 종합,,EV,증빙성(종합),우리 조직에서는 BC 프로세스 간 연결을 입증하는 문서·기록·승인이 남아 있다.,0,likert5_na9,,,,,첨부 문서의 차원 정의 + 연구자 문항화,B17;A41;A13
DQ04,D 종합,,AC,책임성(종합),우리 조직에서는 BC 프로세스 간 연결의 검토·승인·변경 책임이 명확하다.,0,likert5_na9,,,,,첨부 문서의 차원 정의 + 연구자 문항화,A49;A50;A10
DQ05,D 종합,,TM,최신성(종합),우리 조직에서는 변경된 정보가 관련 프로세스와 문서에 적시에 반영된다.,0,likert5_na9,,,,,첨부 문서의 차원 정의 + 연구자 문항화,A41;A51;A52
DQ06,D 종합,,FC,환류폐쇄성(종합),우리 조직에서는 훈련·평가·사고 결과가 개선과 재수정까지 완료된다.,0,likert5_na9,,,,,첨부 문서의 차원 정의 + 연구자 문항화,A23;A25;A46
DQ07,D 종합,,ALL,연결 품질(전반),전반적으로 우리 조직의 BC 프로세스들은 서로 잘 이어져 작동한다.,0,likert5_na9,,,,,연구자 의견(수렴 검증용 종합 문항),A07
RV1,E 검증(역문항),,CO,역문항(정합성 대응),우리 조직에서는 프로세스마다 서로 다른 전제나 수치를 써서 결과가 서로 어긋나는 경우가 많다.,1,likert5_na9,,,,,연구자 의견(검증용 문항),
RV2,E 검증(역문항),,TR,역문항(추적성 대응),우리 조직에서는 후행 결과의 근거가 된 선행 산출물을 찾지 못하는 경우가 많다.,1,likert5_na9,,,,,연구자 의견(검증용 문항),
RV3,E 검증(역문항),,TM,역문항(최신성 대응),우리 조직에서는 문서가 개정되어도 관련 프로세스의 문서에는 한참 뒤에야 반영되는 경우가 많다.,1,likert5_na9,,,,,연구자 의견(검증용 문항),
RV4,E 검증(역문항),,FC,역문항(환류폐쇄성 대응),우리 조직에서는 연습·감사에서 나온 개선 사항이 완료 확인 없이 방치되는 경우가 많다.,1,likert5_na9,,,,,연구자 의견(검증용 문항),
AC1,E 검증(주의확인),,,주의확인,이 문항에서는 응답 4번을 선택해 주십시오.,0,likert5_na9,,,,,연구자 의견(검증용 문항),
CR1,E 검증(준거),,,준거,중단 사건이 발생해도 우리 조직의 BCMS가 효과적으로 대응할 수 있다고 확신한다.,0,likert5_na9,,,,,연구자 의견(검증용 문항),
CR2,E 검증(준거),,,준거,최근 사고 또는 연습에서 복구목표를 달성했다.,0,likert5_na9,,,,,연구자 의견(검증용 문항),
CR3,E 검증(준거),,,준거,BC 투자의 가치를 경영진·이해관계자에게 설명할 수 있다.,0,likert5_na9,,,,,연구자 의견(검증용 문항),A32
CR4,E 검증(준거),,,준거(역),감사나 경영진 검토에서 같은 BCMS 지적사항이 반복된다.,1,likert5_na9,,,,,연구자 의견(검증용 문항),
