id,part,link_id,state,text,reverse_scored,scale,evidence_type,domain,requires_process_ids,basis_type,basis_quotes
L01-R,C 연결,L01,반영,요구사항관리에서 정리한 법규·규제·계약상 요구사항이 BIA의 우선순위와 복구목표 설정에 실제로 사용된다.,0,likert5_na9,E1,① 요구·분석,B03;B04,연구자 의견(문항화),
L01-V,C 연결,L01,확인,BIA 결과가 요구사항을 빠짐없이 반영했는지 검토 또는 점검 기록으로 확인한다.,0,likert5_na9,E1,① 요구·분석,B03;B04,연구자 의견(문항화),
L01-U,C 연결,L01,갱신,요구사항이 바뀌면 BIA 결과를 다시 검토하고 필요하면 고친다.,0,likert5_na9,E1,① 요구·분석,B03;B04,연구자 의견(문항화),
L02-R,C 연결,L02,반영,요구사항이 리스크평가의 범위와 평가 기준에 실제로 사용된다.,0,likert5_na9,E1,① 요구·분석,B03;B05,연구자 의견(문항화),
L02-V,C 연결,L02,확인,리스크평가가 관련 요구사항을 고려했는지 확인하는 절차가 있다.,0,likert5_na9,E1,① 요구·분석,B03;B05,연구자 의견(문항화),
L02-U,C 연결,L02,갱신,요구사항이 바뀌면 리스크평가 기준이나 결과를 다시 검토하고 고친다.,0,likert5_na9,E1,① 요구·분석,B03;B05,연구자 의견(문항화),
L03-R,C 연결,L03,반영,리스크평가는 BIA에서 정한 핵심 제품·서비스·활동의 우선순위를 출발점으로 한다.,0,likert5_na9,E1,① 요구·분석,B04;B05,연구자 의견(문항화),
L03-V,C 연결,L03,확인,리스크평가 대상이 BIA 결과와 일치하는지 대조하여 확인한다.,0,likert5_na9,E1,① 요구·분석,B04;B05,연구자 의견(문항화),
L03-U,C 연결,L03,갱신,BIA 결과가 바뀌면 리스크평가 결과(리스크 목록)를 다시 검토하고 고친다.,0,likert5_na9,E1,① 요구·분석,B04;B05,연구자 의견(문항화),
L04-R,C 연결,L04,반영,내부감사의 점검 기준에 BC 관련 요구사항이 포함된다.,0,likert5_na9,E1,① 요구·분석,B03;B13,연구자 의견(문항화),
L04-V,C 연결,L04,확인,감사에서 요구사항 충족 여부를 항목별로 확인하고 기록한다.,0,likert5_na9,E1,① 요구·분석,B03;B13,연구자 의견(문항화),
L04-U,C 연결,L04,갱신,요구사항이 바뀌면 감사 기준과 점검표를 다시 검토하고 고친다.,0,likert5_na9,E1,① 요구·분석,B03;B13,연구자 의견(문항화),
L05-R,C 연결,L05,반영,외주·공급업체의 선정과 계약 조건에 우리 조직의 BC 요구사항이 포함된다.,0,likert5_na9,E1,① 요구·분석,B03;B12,연구자 의견(문항화),
L05-V,C 연결,L05,확인,공급업체가 BC 요구사항을 충족하는지 평가나 점검으로 확인한다.,0,likert5_na9,E1,① 요구·분석,B03;B12,연구자 의견(문항화),
L05-U,C 연결,L05,갱신,요구사항이 바뀌면 공급업체 요건과 평가 결과를 다시 검토하고 고친다.,0,likert5_na9,E1,① 요구·분석,B03;B12,연구자 의견(문항화),
L06-R,C 연결,L06,반영,BC 전략·솔루션은 승인된 BIA 결과(복구 우선순위·목표)를 근거로 정한다.,0,likert5_na9,E1,② 전략·계획·이행,B04;B06,연구자 의견(문항화),
L06-V,C 연결,L06,확인,선택한 전략·솔루션이 BIA의 복구목표를 충족하는지 검증한다.,0,likert5_na9,E1,② 전략·계획·이행,B04;B06,연구자 의견(문항화),
L06-U,C 연결,L06,갱신,BIA 결과가 바뀌면 전략·솔루션 선택을 다시 검토하고 필요하면 고친다.,0,likert5_na9,E1,② 전략·계획·이행,B04;B06,연구자 의견(문항화),
L07-R,C 연결,L07,반영,선정된 전략·솔루션이 담당자·일정·예산이 있는 이행 활동으로 구체화되어 실행된다.,0,likert5_na9,E1,② 전략·계획·이행,B06;B08,연구자 의견(문항화),
L07-V,C 연결,L07,확인,솔루션이 계획대로 구현되었는지 점검한다.,0,likert5_na9,E1,② 전략·계획·이행,B06;B08,연구자 의견(문항화),
L07-U,C 연결,L07,갱신,전략·솔루션이 수정되면 이행 계획과 구현 상태를 다시 검토하고 고친다.,0,likert5_na9,E1,② 전략·계획·이행,B06;B08,연구자 의견(문항화),
L08-R,C 연결,L08,반영,BC 계획·절차에 선정된 전략·솔루션을 가동하는 방법이 포함된다.,0,likert5_na9,E1,② 전략·계획·이행,B06;B07,연구자 의견(문항화),
L08-V,C 연결,L08,확인,계획·절차가 전략·솔루션과 일치하는지 승인 전에 검토한다.,0,likert5_na9,E1,② 전략·계획·이행,B06;B07,연구자 의견(문항화),
L08-U,C 연결,L08,갱신,전략·솔루션이 바뀌면 BC 계획·절차를 함께 개정한다.,0,likert5_na9,E1,② 전략·계획·이행,B06;B07,연구자 의견(문항화),
L09-R,C 연결,L09,반영,BC 계획·절차에 리스크평가에서 식별된 주요 위협 시나리오가 반영된다.,0,likert5_na9,E1,② 전략·계획·이행,B05;B07,연구자 의견(문항화),
L09-V,C 연결,L09,확인,계획·절차가 주요 리스크를 다루는지 리스크 목록과 대조하여 확인한다.,0,likert5_na9,E1,② 전략·계획·이행,B05;B07,연구자 의견(문항화),
L09-U,C 연결,L09,갱신,새 리스크가 식별되거나 리스크 수준이 바뀌면 BC 계획·절차를 다시 검토하고 고친다.,0,likert5_na9,E1,② 전략·계획·이행,B05;B07,연구자 의견(문항화),
L10-R,C 연결,L10,반영,솔루션을 구현하고 운영하는 데 필요한 자원(인력·설비·정보 등)이 자원관리를 통해 문서로 확보·배정된다.,0,likert5_na9,E2,② 전략·계획·이행,B20;B08,연구자 의견(문항화),
L10-V,C 연결,L10,확인,확보된 자원이 솔루션 구현·운영에 충분한지 확인한다.,0,likert5_na9,E2,② 전략·계획·이행,B20;B08,연구자 의견(문항화),
L10-U,C 연결,L10,갱신,솔루션이 바뀌면 자원 배정을 다시 검토하고 고친다.,0,likert5_na9,E2,② 전략·계획·이행,B20;B08,연구자 의견(문항화),
L11-R,C 연결,L11,반영,BIA에서 파악한 복구 필요 자원이 자원관리 계획에 포함된다.,0,likert5_na9,E3,③ 대응·복구·훈련,B04;B20,연구자 의견(문항화),
L11-V,C 연결,L11,확인,확보된 자원이 BIA의 복구목표를 달성하기에 충분한지 확인한다.,0,likert5_na9,E3,③ 대응·복구·훈련,B04;B20,연구자 의견(문항화),
L11-U,C 연결,L11,갱신,BIA나 복구목표가 바뀌면 자원 배정을 다시 검토하고 고친다.,0,likert5_na9,E3,③ 대응·복구·훈련,B04;B20,연구자 의견(문항화),
L12-R,C 연결,L12,반영,사고·비상이 발생하면 BC 계획·절차에 따라 대응하도록 역할과 가동 기준이 정해져 있다.,0,likert5_na9,E2,③ 대응·복구·훈련,B07;B09,연구자 의견(문항화),
L12-V,C 연결,L12,확인,실제 사고나 모의 상황에서 계획대로 대응했는지 확인하고 기록한다.,0,likert5_na9,E2,③ 대응·복구·훈련,B07;B09,연구자 의견(문항화),
L12-U,C 연결,L12,갱신,BC 계획·절차가 바뀌면 사고 대응 체계(역할·가동 기준)를 다시 검토하고 고친다.,0,likert5_na9,E2,③ 대응·복구·훈련,B07;B09,연구자 의견(문항화),
L13-R,C 연결,L13,반영,사고 대응 절차 안에 내·외부 경보와 상황 전파(누구에게·언제·어떻게)가 포함되어 실행된다.,0,likert5_na9,E1,③ 대응·복구·훈련,B09;B17,연구자 의견(문항화),
L13-V,C 연결,L13,확인,경보가 대상자에게 적시에 도달했는지 확인한다.,0,likert5_na9,E1,③ 대응·복구·훈련,B09;B17,연구자 의견(문항화),
L13-U,C 연결,L13,갱신,대응 체계나 담당자가 바뀌면 경보·연락 절차(연락망)를 다시 검토하고 고친다.,0,likert5_na9,E1,③ 대응·복구·훈련,B09;B17,연구자 의견(문항화),
L14-R,C 연결,L14,반영,사고 대응의 상황 판단과 결과가 복구 활동으로 끊김 없이 이어진다.,0,likert5_na9,E1,③ 대응·복구·훈련,B09;B18,연구자 의견(문항화),
L14-V,C 연결,L14,확인,복구가 끝났는지를 복구목표(예: RTO) 기준으로 확인한다.,0,likert5_na9,E1,③ 대응·복구·훈련,B09;B18,연구자 의견(문항화),
L14-U,C 연결,L14,갱신,사고 대응 절차가 바뀌면 복구 절차를 다시 검토하고 고친다.,0,likert5_na9,E1,③ 대응·복구·훈련,B09;B18,연구자 의견(문항화),
L15-R,C 연결,L15,반영,훈련·연습 시나리오가 BC 계획·절차를 실제로 적용해 보도록 설계된다.,0,likert5_na9,E1,③ 대응·복구·훈련,B07;B10,연구자 의견(문항화),
L15-V,C 연결,L15,확인,연습 결과를 계획·절차가 유효했는지 판단하는 기준에 비추어 평가하고 기록한다.,0,likert5_na9,E1,③ 대응·복구·훈련,B07;B10,연구자 의견(문항화),
L15-U,C 연결,L15,갱신,계획·절차가 바뀌면 연습 시나리오를 다시 검토하고 고친다.,0,likert5_na9,E1,③ 대응·복구·훈련,B07;B10,연구자 의견(문항화),
L16-R,C 연결,L16,반영,연습에서 나온 문제점과 개선 사항이 BC 계획·절차 수정에 반영된다.,0,likert5_na9,E1,④ 평가·개선·변경,B10;B07,연구자 의견(문항화),
L16-V,C 연결,L16,확인,연습 결과로 요청한 수정이 계획·절차에 반영되었는지 확인한다.,0,likert5_na9,E1,④ 평가·개선·변경,B10;B07,연구자 의견(문항화),
L16-U,C 연결,L16,갱신,연습 결과가 새로 나올 때마다 BC 계획·절차를 다시 검토하고 필요하면 고친다.,0,likert5_na9,E1,④ 평가·개선·변경,B10;B07,연구자 의견(문항화),
L17-R,C 연결,L17,반영,인식·교육 프로그램의 내용에 BC 계획·절차와 각자의 역할이 포함된다.,0,likert5_na9,E3,④ 평가·개선·변경,B07;B11,연구자 의견(문항화),
L17-V,C 연결,L17,확인,교육 후 구성원이 계획과 자기 역할을 이해했는지 확인한다.,0,likert5_na9,E3,④ 평가·개선·변경,B07;B11,연구자 의견(문항화),
L17-U,C 연결,L17,갱신,계획·절차가 바뀌면 교육 내용과 대상자를 다시 검토하고 고친다.,0,likert5_na9,E3,④ 평가·개선·변경,B07;B11,연구자 의견(문항화),
L18-R,C 연결,L18,반영,성과평가 결과가 구체적인 개선 과제(조치 계획)로 이어진다.,0,likert5_na9,E1,④ 평가·개선·변경,B14;B15,연구자 의견(문항화),
L18-V,C 연결,L18,확인,개선 조치가 완료되었는지와 효과가 있었는지 확인한다.,0,likert5_na9,E1,④ 평가·개선·변경,B14;B15,연구자 의견(문항화),
L18-U,C 연결,L18,갱신,성과평가 결과가 새로 나올 때마다 개선 과제 목록을 다시 검토하고 고친다.,0,likert5_na9,E1,④ 평가·개선·변경,B14;B15,연구자 의견(문항화),
L19-R,C 연결,L19,반영,내부감사 지적사항이 개선 조치 계획에 포함된다.,0,likert5_na9,E1,④ 평가·개선·변경,B13;B15,연구자 의견(문항화),
L19-V,C 연결,L19,확인,지적사항에 대한 조치가 끝났는지 후속 확인을 한다.,0,likert5_na9,E1,④ 평가·개선·변경,B13;B15,연구자 의견(문항화),
L19-U,C 연결,L19,갱신,새 감사 결과가 나올 때마다 개선 과제 목록을 다시 검토하고 고친다.,0,likert5_na9,E1,④ 평가·개선·변경,B13;B15,연구자 의견(문항화),
L20-R,C 연결,L20,반영,공급업체 평가 결과가 BCMS 개선 과제에 포함된다.,0,likert5_na9,E1,④ 평가·개선·변경,B12;B15,연구자 의견(문항화),
L20-V,C 연결,L20,확인,공급업체 관련 개선 조치가 이행되었는지 확인한다.,0,likert5_na9,E1,④ 평가·개선·변경,B12;B15,연구자 의견(문항화),
L20-U,C 연결,L20,갱신,새 공급업체 평가 결과가 나올 때마다 개선 과제 목록을 다시 검토하고 고친다.,0,likert5_na9,E1,④ 평가·개선·변경,B12;B15,연구자 의견(문항화),
L21-R,C 연결,L21,반영,BCMS에 영향을 주는 변경(제안)이 리스크평가 대상에 포함된다.,0,likert5_na9,E1,④ 평가·개선·변경,B16;B05,연구자 의견(문항화),
L21-V,C 연결,L21,확인,변경을 승인하기 전에 해당 변경이 리스크평가를 거쳤는지 확인한다.,0,likert5_na9,E1,④ 평가·개선·변경,B16;B05,연구자 의견(문항화),
L21-U,C 연결,L21,갱신,중대한 변경이 발생하면 리스크평가를 다시 수행한다.,0,likert5_na9,E1,④ 평가·개선·변경,B16;B05,연구자 의견(문항화),
L22-R,C 연결,L22,반영,승인된 변경 내용이 관련 문서(계획·절차·연락망 등)에 반영된다.,0,likert5_na9,E1,⑤ 거버넌스·이해관계자,B16;B19,연구자 의견(문항화),
L22-V,C 연결,L22,확인,문서가 최신 변경을 반영하고 있는지 버전이나 승인 기록으로 확인한다.,0,likert5_na9,E1,⑤ 거버넌스·이해관계자,B16;B19,연구자 의견(문항화),
L22-U,C 연결,L22,갱신,변경이 있을 때마다 관련 문서와 그 배포 대상을 함께 갱신한다.,0,likert5_na9,E1,⑤ 거버넌스·이해관계자,B16;B19,연구자 의견(문항화),
L23-R,C 연결,L23,반영,사고 대응에서 나온 변경 필요사항이 변경관리 절차로 접수된다.,0,likert5_na9,E1,⑤ 거버넌스·이해관계자,B09;B16,연구자 의견(문항화),
L23-V,C 연결,L23,확인,접수된 변경 요청의 처리 결과를 확인한다.,0,likert5_na9,E1,⑤ 거버넌스·이해관계자,B09;B16,연구자 의견(문항화),
L23-U,C 연결,L23,갱신,새 사고 대응 결과가 나올 때마다 변경이 필요한지 다시 검토한다.,0,likert5_na9,E1,⑤ 거버넌스·이해관계자,B09;B16,연구자 의견(문항화),
L24-R,C 연결,L24,반영,연습에서 나온 변경 필요사항이 변경관리 절차로 접수된다.,0,likert5_na9,E1,⑤ 거버넌스·이해관계자,B10;B16,연구자 의견(문항화),
L24-V,C 연결,L24,확인,접수된 변경 요청의 처리 결과를 확인한다.,0,likert5_na9,E1,⑤ 거버넌스·이해관계자,B10;B16,연구자 의견(문항화),
L24-U,C 연결,L24,갱신,새 연습 결과가 나올 때마다 변경이 필요한지 다시 검토한다.,0,likert5_na9,E1,⑤ 거버넌스·이해관계자,B10;B16,연구자 의견(문항화),
L25-R,C 연결,L25,반영,승인된 변경이 사고 대응 절차에 반영된다.,0,likert5_na9,E1,⑤ 거버넌스·이해관계자,B16;B09,연구자 의견(문항화),
L25-V,C 연결,L25,확인,변경이 사고 대응 절차에 반영되었는지 확인한다.,0,likert5_na9,E1,⑤ 거버넌스·이해관계자,B16;B09,연구자 의견(문항화),
L25-U,C 연결,L25,갱신,변경이 승인될 때마다 사고 대응 절차를 다시 검토하고 필요하면 고친다.,0,likert5_na9,E1,⑤ 거버넌스·이해관계자,B16;B09,연구자 의견(문항화),
L26-R,C 연결,L26,반영,승인된 변경이 훈련·연습 절차와 시나리오에 반영된다.,0,likert5_na9,E1,⑤ 거버넌스·이해관계자,B16;B10,연구자 의견(문항화),
L26-V,C 연결,L26,확인,변경이 훈련·연습 절차와 시나리오에 반영되었는지 확인한다.,0,likert5_na9,E1,⑤ 거버넌스·이해관계자,B16;B10,연구자 의견(문항화),
L26-U,C 연결,L26,갱신,변경이 승인될 때마다 훈련·연습 절차를 다시 검토하고 필요하면 고친다.,0,likert5_na9,E1,⑤ 거버넌스·이해관계자,B16;B10,연구자 의견(문항화),
L27-R,C 연결,L27,반영,"BCMS 프로세스의 주요 결과(리스크, 운영 현황 등)가 이해관계자와의 협의·커뮤니케이션 채널로 전달된다.",0,likert5_na9,E1,⑤ 거버넌스·이해관계자,B21,연구자 의견(문항화),
L27-V,C 연결,L27,확인,"전달한 내용이 이해되었는지, 이해관계자 의견이 접수되었는지 확인한다.",0,likert5_na9,E1,⑤ 거버넌스·이해관계자,B21,연구자 의견(문항화),
L27-U,C 연결,L27,갱신,BCMS 프로세스의 결과가 크게 바뀌면 이해관계자에게 전달하는 내용을 다시 검토하고 고친다.,0,likert5_na9,E1,⑤ 거버넌스·이해관계자,B21,연구자 의견(문항화),
L28-R,C 연결,L28,반영,커뮤니케이션을 통해 모인 보고와 요구사항이 경영진 검토·의사결정의 입력으로 쓰인다.,0,likert5_na9,E1,⑤ 거버넌스·이해관계자,B21;B01,연구자 의견(문항화),
L28-V,C 연결,L28,확인,경영진이 해당 보고를 검토하고 결정 사항을 기록으로 남긴다.,0,likert5_na9,E1,⑤ 거버넌스·이해관계자,B21;B01,연구자 의견(문항화),
L28-U,C 연결,L28,갱신,새 보고나 요구사항이 접수되면 경영진 검토 안건을 다시 검토하고 고친다.,0,likert5_na9,E1,⑤ 거버넌스·이해관계자,B21;B01,연구자 의견(문항화),
L29-R,C 연결,L29,반영,BC 정책이 경영진이 정한 BC 목표와 방향을 반영하고 있다.,0,likert5_na9,E3,⑤ 거버넌스·이해관계자,B01;B02,연구자 의견(문항화),
L29-V,C 연결,L29,확인,BC 정책이 경영진 승인 절차를 통해 목표·방향과 일치하는지 확인한다.,0,likert5_na9,E3,⑤ 거버넌스·이해관계자,B01;B02,연구자 의견(문항화),
L29-U,C 연결,L29,갱신,목표나 방향이 바뀌면 BC 정책을 고치고 구성원에게 알린다.,0,likert5_na9,E3,⑤ 거버넌스·이해관계자,B01;B02,연구자 의견(문항화),
L30-R,C 연결,L30,반영,자원관리가 핵심 BC 프로세스 운영에 필요한 자원을 제공하고 자원 사용 현황을 보고한다.,0,likert5_na9,E1,⑤ 거버넌스·이해관계자,B20,연구자 의견(문항화),
L30-V,C 연결,L30,확인,자원이 계획대로 쓰이고 있는지 보고서로 확인한다.,0,likert5_na9,E1,⑤ 거버넌스·이해관계자,B20,연구자 의견(문항화),
L30-U,C 연결,L30,갱신,자원 사용 보고 결과에 따라 자원 배분을 다시 검토하고 고친다.,0,likert5_na9,E1,⑤ 거버넌스·이해관계자,B20,연구자 의견(문항화),
L31-R,C 연결,L31,반영,"자원 사용 현황 보고가 고객관계관리(고객 만족 관리, BC 투자 가치 입증)에 제공되어 활용된다.",0,likert5_na9,E1,⑤ 거버넌스·이해관계자,B20;B22,연구자 의견(문항화),
L31-V,C 연결,L31,확인,제공된 보고가 고객 만족 관리와 BC 투자 가치 입증에 충분한지 확인한다.,0,likert5_na9,E1,⑤ 거버넌스·이해관계자,B20;B22,연구자 의견(문항화),
L31-U,C 연결,L31,갱신,자원 사용 현황이 바뀌면 고객관계관리에 제공하는 보고를 다시 검토하고 고친다.,0,likert5_na9,E1,⑤ 거버넌스·이해관계자,B20;B22,연구자 의견(문항화),
G01,D 종합,,종합,우리 조직의 BC 프로세스들은 서로의 산출물을 입력으로 사용하며 연결되어 있다.,0,likert5_na9,,,,인용 근거 + 연구자 문항화,A01;B01
G02,D 종합,,종합,한 BC 프로세스를 바꾸면 영향을 받는 다른 프로세스가 무엇인지 알 수 있다.,0,likert5_na9,,,,연구자 의견(문항) / ISO 22301 4.4의 상호작용 고려를 참고,A04
G03,D 종합,,종합,"프로세스 간에 ""누가 누구에게 무엇을 전달하는지""가 문서로 정리되어 있다.",0,likert5_na9,,,,인용 근거 + 연구자 문항화,A03;A02
G04,D 종합,,종합,BC 관리자(또는 그에 준하는 담당자)가 프로세스 간 연결 상태를 총괄하여 점검한다.,0,likert5_na9,,,,인용 근거 + 연구자 문항화,A10
G05,D 종합,,종합,프로세스 간 연결이 끊어졌거나 약한 지점을 파악하여 조치한다.,0,likert5_na9,,,,연구자 의견(근거 인용 없음),
G06,D 종합,,종합,프로세스 간 연결은 일회성 프로젝트가 아니라 정기적으로 반복되는 운영 활동으로 유지된다.,0,likert5_na9,,,,인용 근거 + 연구자 문항화,A09
RV1,E 검증(역문항),,역문항(G01 대응),우리 조직의 BC 프로세스는 대부분 다른 프로세스와 별개로 독립적으로 수행된다.,1,likert5_na9,,,,연구자 의견(검증용 문항),
RV2,E 검증(역문항),,역문항(L01~L03 대응),한 프로세스의 결과물이 만들어진 뒤 다른 프로세스에서 참조되지 않는 경우가 많다.,1,likert5_na9,,,,연구자 의견(검증용 문항),
RV3,E 검증(역문항),,역문항(L22 대응),문서가 개정되어도 관련 프로세스 담당자에게는 따로 알리지 않는 경우가 많다.,1,likert5_na9,,,,연구자 의견(검증용 문항),
RV4,E 검증(역문항),,역문항(L16 대응),연습 결과가 BC 계획·절차 개정으로 이어지지 않는 경우가 많다.,1,likert5_na9,,,,연구자 의견(검증용 문항),
AC1,E 검증(주의확인),,주의확인,이 문항에서는 응답 4번을 선택해 주십시오.,0,likert5_na9,,,,연구자 의견(검증용 문항),
CR1,E 검증(준거),,준거,중단 사건이 발생해도 우리 조직의 BCMS가 효과적으로 대응할 수 있다고 확신한다.,0,likert5_na9,,,,연구자 의견(검증용 문항),
CR2,E 검증(준거),,준거,최근 사고 또는 연습에서 복구목표를 달성했다.,0,likert5_na9,,,,연구자 의견(검증용 문항),
CR3,E 검증(준거),,준거,BC 투자의 가치를 경영진·이해관계자에게 설명할 수 있다.,0,likert5_na9,,,,연구자 의견(검증용 문항),A32
CR4,E 검증(준거),,준거(역),감사나 경영진 검토에서 같은 BCMS 지적사항이 반복된다.,1,likert5_na9,,,,연구자 의견(검증용 문항),
